{"cameraMode":{"drawMode":0,"name":"Shaded","section":"Shading Mode"},"sceneLighting":true,"audioPlay":false,"sceneViewState":{"showFog":true,"showMaterialUpdate":false,"showSkybox":true,"showFlares":true,"showImageEffects":true,"showParticleSystems":true},"in2DMode":false,"pivot":{"x":553.601318359375,"y":297.89263916015627,"z":-241.6484375},"rotation":{"x":0.011747214943170548,"y":0.9882528781890869,"z":-0.10804647952318192,"w":0.10744457691907883},"size":1402.783203125,"orthographic":false}