{"cameraMode":{"drawMode":0,"name":"Shaded","section":"Shading Mode"},"sceneLighting":true,"audioPlay":false,"sceneViewState":{"showFog":true,"showMaterialUpdate":false,"showSkybox":true,"showFlares":true,"showImageEffects":true,"showParticleSystems":true},"in2DMode":false,"pivot":{"x":4.941502094268799,"y":9.370034217834473,"z":0.7912318706512451},"rotation":{"x":0.059566788375377658,"y":0.6462839841842651,"z":-0.050714366137981418,"w":0.7590762972831726},"size":10.140691757202149,"orthographic":false}